Section,Variable Name,Data Type,Description,Notes,,,,,,,,,,,,,,,,,,,,,,,,,,,,,,,,,,,,,,,,,,,
Report,facility,Text,Facility Name,,,,,,,,,,,,,,,,,,,,,,,,,,,,,,,,,,,,,,,,,,,,
Report,county,Text,County that facility is located,,,,,,,,,,,,,,,,,,,,,,,,,,,,,,,,,,,,,,,,,,,,
Report,reportingday,Date,Reporting date,,,,,,,,,,,,,,,,,,,,,,,,,,,,,,,,,,,,,,,,,,,,
Report,created_on,Date,Date record was created,,,,,,,,,,,,,,,,,,,,,,,,,,,,,,,,,,,,,,,,,,,,
Bed Occupancy,all_inpatient_cap,Integer,"Total number of staffed inpatient beds that are currently set-up, staffed and are or could be used for a patient within the reporting period. This variable sums the following: adult_acute_cap, adult_icu_cap, ped_acute_cap, ped_icu_cap, neon_icu_cap, nursery_cap, surge_cap, other_cap. Excludes: Emergency Department Boarders",,,,,,,,,,,,,,,,,,,,,,,,,,,,,,,,,,,,,,,,,,,,
Bed Occupancy,all_inpatient_occ,Integer,"Total number of inpatient beds that are occupied by a patient within the reporting period. This variable sums the following: adult_acute_occ, adult_icu_occ, ped_acute_occ, ped_icu_occ, neon_icu_occ, nursery_occ, surge_occ, other_occ. Excludes: Emergency Department Boarders",,,,,,,,,,,,,,,,,,,,,,,,,,,,,,,,,,,,,,,,,,,,
Bed Occupancy,adult_acute_cap,Integer,"Number of staffed Adult acute care inpatient beds that are currently set-up, staffed and are or could be used for a patient within the reporting period","Adult Medical-Surgical Beds: These are standard hospital beds that are used for the care of adult patients with medical and surgical conditions. They are typically used for patients who are stable and do not require critical care. Includes progressive care, telemetry units (also called step-down unit, intermediate care unit, transitional care unit or telemetry unit) may be used in varying ways in different facilities. ",,,,,,,,,,,,,,,,,,,,,,,,,,,,,,,,,,,,,,,,,,,
Bed Occupancy,adult_acute_occ,Integer,"Number of staffed Adult Acute Care Beds that are occupied (i.e., filled by a patient for any reason)",,,,,,,,,,,,,,,,,,,,,,,,,,,,,,,,,,,,,,,,,,,,
Bed Occupancy,adult_icu_cap,Integer,"Number of Adult ICU beds that are currently set-up, staffed and are or could be used for a patient within the reporting period. This count includes occupied and unoccupied ICU beds. Note: All ICU beds should be considered, regardless of the unit on which the bed is housed. This includes ICU beds located in non-ICU locations, such as mixed acuity units. ","Adult critical care/ICU Beds: These beds are intended for adult patients with life-threatening conditions who require continuous monitoring and support. They are equiped with advanced monitoring and life-support equipment. Can support critically ill/injured adult patients, including ventilator support. Adult intensive care, critical care, and cardiac care untis all treat patients with critical conditions. Adult burn ICU beds either approved by the Amerivan Burns Association or self-designated. ",,,,,,,,,,,,,,,,,,,,,,,,,,,,,,,,,,,,,,,,,,,
Bed Occupancy,adult_icu_occ,Integer,Number of Adult staffed ICU beds that are occupied.,,,,,,,,,,,,,,,,,,,,,,,,,,,,,,,,,,,,,,,,,,,,
Bed Occupancy,ped_acute_cap,Integer,"Number of pediatric Acute Care beds in the facility that are currently set up, staffed, and able to be used for a patient within the reporting period. This count includes occupied and unoccupied inpatient pediatric beds, including med-surge beds (beds in which medical or surgical pediatric patients may be routinely placed).  This count excludes NICU, newborn nursery beds, and outpatient surgery beds.",Pediatric Beds: These beds are designed or used for the care of children and adolescents (patients 17 years of age or less) recovering from surgical procedures or non-critical medical conditions. They are staffed by healthcare professionals trained in pediatrics and equiped with specialized pediatric medical equipment,,,,,,,,,,,,,,,,,,,,,,,,,,,,,,,,,,,,,,,,,,,
Bed Occupancy,ped_acute_occ,Integer,"Number of staffed Pediatric Acute Care beds that are occupied (i.e., filled by a patient for any reason). Includes med-surge beds (beds in which medical or surgical pediatric patients may be routinely placed). (A subset of Acute Care Pediatric Capacity) This count excludes NICU, newborn nursery, and outpatient surgery beds",,,,,,,,,,,,,,,,,,,,,,,,,,,,,,,,,,,,,,,,,,,,
Bed Occupancy,ped_icu_cap,Integer,"Number of Pediatric ICU beds that are currently set-up, staffed and are or could be used for a patient within the reporting period. This count includes occupied and unoccupied ICU beds. Note: All ICU beds should be considered, regardless of the unit on which the bed is housed. This includes ICU beds located in non-ICU locations, such as mixed acuity units. This count excludes Neonatal ICU & Nursery beds.","Pediatric critical care/ICU Beds: These beds are intended for pediatric patients (age 17 of age or less) with life-threatening conditions who require continuous monitoring and support. They are equiped with advanced monitoring and life-support equipment. Can support critically ill/injured pediatric patients, including ventilator support. Pediatric intensive care, critical care, and cardiac care untis all treat patients with critical conditions. Pediatric burn ICU beds either approved by the Amerivan Burns Association or self-designated. 
",,,,,,,,,,,,,,,,,,,,,,,,,,,,,,,,,,,,,,,,,,,
Bed Occupancy,ped_icu_occ,Integer,Number of Pediatric staffed ICU beds that are occupied. (A subset of ICU Pediatric Capacity) This count excludes Neonatal ICU & Nursery beds.,,,,,,,,,,,,,,,,,,,,,,,,,,,,,,,,,,,,,,,,,,,,
Bed Occupancy,neon_icu_cap,Integer,"Number of Neonatal ICU beds in the facility that are currently set-up, staffed and able to be used for a patient within the reporting period.","Neonatal units which provide care for critically ill premature infants and neonates. Level II: This nursery is a neonatal intensive care unit (NICU) that can provide care for a baby who is moderately sick but expected to improve quickly. Level III: A level III nursery offers the most intensive care possible for the sickest and smallest of babies. Level IIIA: Babies stay here who are 28 weeks gestation or more and weigh more than 1,000 g. Level IIIB: Babies at any gestational age or weigt can stay here; pediatric surgeons are always available to perform any surgeries should the need arise. Level IIIC: This level has all of the staffing and equipment of a level IIIB NICU, with the added ability to provide open-heart surgery and an advanced form of critical care called ECMO (extracorporeal membrane oxygenation).",,,,,,,,,,,,,,,,,,,,,,,,,,,,,,,,,,,,,,,,,,,
Bed Occupancy,neon_icu_occ,Integer,Number of set-up and staffed Neonatal ICU beds that are occupied by a patient.,,,,,,,,,,,,,,,,,,,,,,,,,,,,,,,,,,,,,,,,,,,,
Bed Occupancy,nursery_cap,Integer,Number of Nursery beds actively staffed and currently available for use.,"Beds/Bassinets for newborn infants. Level I: This nursery is also called a newborn or a well-baby nursery and is for healthy babies who don't need any special monitoring, oxygen, or an intravenous tube. ",,,,,,,,,,,,,,,,,,,,,,,,,,,,,,,,,,,,,,,,,,,
Bed Occupancy,nursery_occ,Integer,Number of staffed Nursery beds that are occupied,,,,,,,,,,,,,,,,,,,,,,,,,,,,,,,,,,,,,,,,,,,,
Bed Occupancy,surge_cap,Integer,Number of adult surge and/or overflow beds actively staffed and currently available (not beds you stand up over time).,"Adult beds in overflow/surge/expansion areas are used when a hospital has reached the point of over-capacity, requireing the hospital to impkement a unique process to allow for decompression. Surge fields shouldn't be utilized until at least one bed category is at 100% capacity",,,,,,,,,,,,,,,,,,,,,,,,,,,,,,,,,,,,,,,,,,,
Bed Occupancy,surge_occ,Integer,"Number of adult staffed beds in Overflow/Surge/Expansion areas that are occupied (i.e., filled by a patient for any reason).",,,,,,,,,,,,,,,,,,,,,,,,,,,,,,,,,,,,,,,,,,,,
Bed Occupancy,other_cap,Integer,"Number of all remaining adult staffed inpatient beds currently available for use (excluding adult, pediatric, and neonatal ICU beds, and adult and pediatric acute care beds which are counted separately in prior fields).","Adult beds that you might want to include in other inpatient areas: in-patient Psychiatry Beds, In-Patient Rehabilitation, In-Patient Perinatal care for mothers (peri- and/or post partum care), In-patient behavioral health, hospice care, in-patient designated dialysis beds, swing beds: which the hospital can use to provide either acute or skilled nursing facility care. CMS-certified IRD units and/or CMS certified IPF units are not included. ",,,,,,,,,,,,,,,,,,,,,,,,,,,,,,,,,,,,,,,,,,,
Bed Occupancy,other_occ,Integer,"Number of adult staffed beds in other inpatient areas that are occupied (i.e., filled by a patient for any reason).",,,,,,,,,,,,,,,,,,,,,,,,,,,,,,,,,,,,,,,,,,,,
Bed Occupancy,prevd_adult_ed,Integer,Number of patient visits to the ED who were seen on the previous calendar day regardless of reason for visit for Adult patients. Include all patients who are triaged even if they leave before being seen by a provider.,,,,,,,,,,,,,,,,,,,,,,,,,,,,,,,,,,,,,,,,,,,,
Bed Occupancy,prevd_ped_ed,Integer,Number of patient visits to the ED who were seen on the previous calendar day regardless of reason for visit for Pediatric patients. Include all patients who are triaged even if they leave before being seen by a provider.,,,,,,,,,,,,,,,,,,,,,,,,,,,,,,,,,,,,,,,,,,,,
COVID-19 Stats,covid_hospitalized,Integer,Number of adult and pediatric patients hospitalized in an inpatient bed who have laboratory-confirmed COVID-19. ,,,,,,,,,,,,,,,,,,,,,,,,,,,,,,,,,,,,,,,,,,,,
COVID-19 Stats,covid_adult_hosp,Integer,Number of patients hospitalized in an adult inpatient bed who have laboratory-confirmed COVID-19. Include those in observation beds. ,,,,,,,,,,,,,,,,,,,,,,,,,,,,,,,,,,,,,,,,,,,,
COVID-19 Stats,covid_ped_hosp,Integer,"Number of patients hospitalized in a pediatric inpatient bed, including NICU, PICU, newborn, and nursery, who have laboratory-confirmed COVID-19. Include those in observation beds. ",,,,,,,,,,,,,,,,,,,,,,,,,,,,,,,,,,,,,,,,,,,,
COVID-19 Stats,covid_icu,Integer,Number of adult and pediatric patients hospitalized in an ICU bed who have laboratory-confirmed COVID-19. (subset),,,,,,,,,,,,,,,,,,,,,,,,,,,,,,,,,,,,,,,,,,,,
COVID-19 Stats,covid_adult_icu,Integer,Number of patients hospitalized in an adult ICU bed who have laboratory-confirmed COVID-19. (subset),,,,,,,,,,,,,,,,,,,,,,,,,,,,,,,,,,,,,,,,,,,,
COVID-19 Stats,covid_ped_icu,Integer,Number of patients hospitalized in a pediatric ICU bed who have laboratory-confirmed COVID-19. (subset),,,,,,,,,,,,,,,,,,,,,,,,,,,,,,,,,,,,,,,,,,,,
COVID-19 Stats,covid_adm,Integer,"Number of laboratory-confirmed COVID-19 admissions, all ages",,,,,,,,,,,,,,,,,,,,,,,,,,,,,,,,,,,,,,,,,,,,
COVID-19 Stats,covid_adult_adm,Integer,Number of adult patients 18+ years of age who were admitted to an inpatient bed (regardless of whether the bed is designated as pediatric or adult) on the previous calendar day who had laboratory-confirmed COVID-19 at the time of admission.,,,,,,,,,,,,,,,,,,,,,,,,,,,,,,,,,,,,,,,,,,,,
COVID-19 Stats,covid_ped_adm,Integer,Number of pediatric patients 0-17 years of age who were admitted to an inpatient bed (regardless of whether the bed is designated as pediatric or adult) on the previous calendar day who had laboratory-confirmed COVID-19 at the time of admission.,,,,,,,,,,,,,,,,,,,,,,,,,,,,,,,,,,,,,,,,,,,,
COVID-19 Stats,covid_adm_age_0_to_4,Integer,Number of pediatric patients 0-4 years of age who were admitted to an inpatient bed (regardless of whether the bed is designated as pediatric or adult) on the previous calendar day who had laboratory-confirmed COVID-19 at the time of admission.,,,,,,,,,,,,,,,,,,,,,,,,,,,,,,,,,,,,,,,,,,,,
COVID-19 Stats,covid_adm_age_5_to_17,Integer,Number of pediatric patients 5-17 years of age who were admitted to an inpatient bed (regardless of whether the bed is designated as pediatric or adult) on the previous calendar day who had laboratory-confirmed COVID-19 at the time of admission.,,,,,,,,,,,,,,,,,,,,,,,,,,,,,,,,,,,,,,,,,,,,
COVID-19 Stats,covid_adm_age_18_to_49,Integer,Number of adult patients 18-49 years of age who were admitted to an inpatient bed (regardless of whether the bed is designated as pediatric or adult) on the previous calendar day who had laboratory-confirmed COVID-19 at the time of admission.,,,,,,,,,,,,,,,,,,,,,,,,,,,,,,,,,,,,,,,,,,,,
COVID-19 Stats,covid_adm_age_50_to_64,Integer,Number of adult patients 50-64 years of age who were admitted to an inpatient bed (regardless of whether the bed is designated as pediatric or adult) on the previous calendar day who had laboratory-confirmed COVID-19 at the time of admission.,,,,,,,,,,,,,,,,,,,,,,,,,,,,,,,,,,,,,,,,,,,,
COVID-19 Stats,covid_adm_age_65_to_74,Integer,Number of adult patients 65-74 years of age who were admitted to an inpatient bed (regardless of whether the bed is designated as pediatric or adult) on the previous calendar day who had laboratory-confirmed COVID-19 at the time of admission.,,,,,,,,,,,,,,,,,,,,,,,,,,,,,,,,,,,,,,,,,,,,
COVID-19 Stats,covid_adm_age_75_plus,Integer,Number of adult patients 75+ years of age who were admitted to an inpatient bed (regardless of whether the bed is designated as pediatric or adult) on the previous calendar day who had laboratory-confirmed COVID-19 at the time of admission.,,,,,,,,,,,,,,,,,,,,,,,,,,,,,,,,,,,,,,,,,,,,
COVID-19 Stats,covid_adm_age_unknown,Integer,Number of patients unknown age who were admitted to an inpatient bed (regardless of whether the bed is designated as pediatric or adult) on the previous calendar day who had laboratory-confirmed COVID-19 at the time of admission.,,,,,,,,,,,,,,,,,,,,,,,,,,,,,,,,,,,,,,,,,,,,
Influenza Stats,flu_hospitalized,Integer,Number of adult and pediatric patients hospitalized in an inpatient bed who have laboratory-confirmed influenza,,,,,,,,,,,,,,,,,,,,,,,,,,,,,,,,,,,,,,,,,,,,
Influenza Stats,flu_adult_hosp,Integer,Number of patients hospitalized in an adult inpatient bed who have laboratory-confirmed influenza.,,,,,,,,,,,,,,,,,,,,,,,,,,,,,,,,,,,,,,,,,,,,
Influenza Stats,flu_ped_hosp,Integer,"Number of patients hospitalized in a pediatric inpatient bed, including NICU, PICU, newborn, and nursery, who have laboratory-confirmed influenza. ",,,,,,,,,,,,,,,,,,,,,,,,,,,,,,,,,,,,,,,,,,,,
Influenza Stats,flu_icu,Integer,Number of adult and pediatric patients hospitalized in an ICU bed who have laboratory-confirmed influenza. ,,,,,,,,,,,,,,,,,,,,,,,,,,,,,,,,,,,,,,,,,,,,
Influenza Stats,flu_adult_icu,Integer,Number of patients hospitalized in an adult ICU bed who have laboratory-confirmed influenza.,,,,,,,,,,,,,,,,,,,,,,,,,,,,,,,,,,,,,,,,,,,,
Influenza Stats,flu_ped_icu,Integer,Number of patients hospitalized in a pediatric ICU bed who have laboratory-confirmed influenza. ,,,,,,,,,,,,,,,,,,,,,,,,,,,,,,,,,,,,,,,,,,,,
Influenza Stats,flu_adm,Integer,"Number of laboratory-confirmed influenza admissions, all ages",,,,,,,,,,,,,,,,,,,,,,,,,,,,,,,,,,,,,,,,,,,,
Influenza Stats,flu_adult_adm,Integer,Number of adult patients 18+ years of age who were admitted to an inpatient bed (regardless of whether the bed is designated as pediatric or adult) on the previous calendar day who had laboratory-confirmed influenza at the time of admission.,,,,,,,,,,,,,,,,,,,,,,,,,,,,,,,,,,,,,,,,,,,,
Influenza Stats,flu_ped_adm,Integer,Number of pediatric patients 0-17 years of age who were admitted to an inpatient bed (regardless of whether the bed is designated as pediatric or adult) on the previous calendar day who had laboratory-confirmed influenza at the time of admission.,,,,,,,,,,,,,,,,,,,,,,,,,,,,,,,,,,,,,,,,,,,,
Influenza Stats,flu_adm_age_0_to_4,Integer,Number of pediatric patients 0-4 years of age who were admitted to an inpatient bed (regardless of whether the bed is designated as pediatric or adult) on the previous calendar day who had laboratory-confirmed influenza at the time of admission.,,,,,,,,,,,,,,,,,,,,,,,,,,,,,,,,,,,,,,,,,,,,
Influenza Stats,flu_adm_age_5_to_17,Integer,Number of pediatric patients 5-17 years of age who were admitted to an inpatient bed (regardless of whether the bed is designated as pediatric or adult) on the previous calendar day who had laboratory-confirmed influenza at the time of admission.,,,,,,,,,,,,,,,,,,,,,,,,,,,,,,,,,,,,,,,,,,,,
Influenza Stats,flu_adm_age_18_to_49,Integer,Number of adult patients 18-49 years of age who were admitted to an inpatient bed (regardless of whether the bed is designated as pediatric or adult) on the previous calendar day who had laboratory-confirmed influenza at the time of admission.,,,,,,,,,,,,,,,,,,,,,,,,,,,,,,,,,,,,,,,,,,,,
Influenza Stats,flu_adm_age_50_to_64,Integer,Number of adult patients 50-64 years of age who were admitted to an inpatient bed (regardless of whether the bed is designated as pediatric or adult) on the previous calendar day who had laboratory-confirmed influenza at the time of admission.,,,,,,,,,,,,,,,,,,,,,,,,,,,,,,,,,,,,,,,,,,,,
Influenza Stats,flu_adm_age_65_to_74,Integer,Number of adult patients 65-74 years of age who were admitted to an inpatient bed (regardless of whether the bed is designated as pediatric or adult) on the previous calendar day who had laboratory-confirmed influenza at the time of admission.,,,,,,,,,,,,,,,,,,,,,,,,,,,,,,,,,,,,,,,,,,,,
Influenza Stats,flu_adm_age_75_plus,Integer,Number of adult patients 75+ years of age who were admitted to an inpatient bed (regardless of whether the bed is designated as pediatric or adult) on the previous calendar day who had laboratory-confirmed influenza at the time of admission.,,,,,,,,,,,,,,,,,,,,,,,,,,,,,,,,,,,,,,,,,,,,
Influenza Stats,flu_adm_age_unknown,Integer,Number of patients of unknown age who were admitted to an inpatient bed (regardless of whether the bed is designated as pediatric or adult) on the previous calendar day who had laboratory-confirmed influenza at the time of admission.,,,,,,,,,,,,,,,,,,,,,,,,,,,,,,,,,,,,,,,,,,,,
RSV Stats,rsv_hospitalized,Integer,Number of adult and pediatric patients hospitalized in an inpatient bed who have laboratory-confirmed RSV.,,,,,,,,,,,,,,,,,,,,,,,,,,,,,,,,,,,,,,,,,,,,
RSV Stats,rsv_adult_hosp,Integer,Number of patients hospitalized in an adult inpatient bed who have laboratory-confirmed RSV.,,,,,,,,,,,,,,,,,,,,,,,,,,,,,,,,,,,,,,,,,,,,
RSV Stats,rsv_ped_hosp,Integer,"Number of patients hospitalized in a pediatric inpatient bed, including NICU, PICU, newborn, and nursery, who have laboratory-confirmed RSV.",,,,,,,,,,,,,,,,,,,,,,,,,,,,,,,,,,,,,,,,,,,,
RSV Stats,rsv_icu,Integer,Number of adult and pediatric patients hospitalized in an ICU bed who have laboratory-confirmed RSV.,,,,,,,,,,,,,,,,,,,,,,,,,,,,,,,,,,,,,,,,,,,,
RSV Stats,rsv_adult_icu,Integer,Number of patients hospitalized in an adult ICU bed who have laboratory-confirmed RSV.,,,,,,,,,,,,,,,,,,,,,,,,,,,,,,,,,,,,,,,,,,,,
RSV Stats,rsv_ped_icu,Integer,Number of patients hospitalized in a pediatric ICU bed who have laboratory-confirmed RSV. ,,,,,,,,,,,,,,,,,,,,,,,,,,,,,,,,,,,,,,,,,,,,
RSV Stats,rsv_adm,Integer,"Number of laboratory-confirmed rsv admissions, all ages",,,,,,,,,,,,,,,,,,,,,,,,,,,,,,,,,,,,,,,,,,,,
RSV Stats,rsv_adult_adm,Integer,Number of adult patients 18+ years of age who were admitted to an inpatient bed (regardless of whether the bed is designated as pediatric or adult) on the previous calendar day who had laboratory-confirmed RSV at the time of admission.,,,,,,,,,,,,,,,,,,,,,,,,,,,,,,,,,,,,,,,,,,,,
RSV Stats,rsv_ped_adm,Integer,Number of pediatric patients 0-17 years of age who were admitted to an inpatient bed (regardless of whether the bed is designated as pediatric or adult) on the previous calendar day who had laboratory-confirmed RSV at the time of admission.,,,,,,,,,,,,,,,,,,,,,,,,,,,,,,,,,,,,,,,,,,,,
RSV Stats,rsv_adm_age_0_to_4,Integer,Number of pediatric patients 0-4 years of age who were admitted to an inpatient bed (regardless of whether the bed is designated as pediatric or adult) on the previous calendar day who had laboratory-confirmed RSV at the time of admission.,,,,,,,,,,,,,,,,,,,,,,,,,,,,,,,,,,,,,,,,,,,,
RSV Stats,rsv_adm_age_5_to_17,Integer,Number of pediatric patients 5-17 years of age who were admitted to an inpatient bed (regardless of whether the bed is designated as pediatric or adult) on the previous calendar day who had laboratory-confirmed RSV at the time of admission.,,,,,,,,,,,,,,,,,,,,,,,,,,,,,,,,,,,,,,,,,,,,
RSV Stats,rsv_adm_age_18_to_49,Integer,Number of adult patients 18-49 years of age who were admitted to an inpatient bed (regardless of whether the bed is designated as pediatric or adult) on the previous calendar day who had laboratory-confirmed RSV at the time of admission.,,,,,,,,,,,,,,,,,,,,,,,,,,,,,,,,,,,,,,,,,,,,
RSV Stats,rsv_adm_age_50_to_64,Integer,Number of adult patients 50-64 years of age who were admitted to an inpatient bed (regardless of whether the bed is designated as pediatric or adult) on the previous calendar day who had laboratory-confirmed RSV at the time of admission.,,,,,,,,,,,,,,,,,,,,,,,,,,,,,,,,,,,,,,,,,,,,
RSV Stats,rsv_adm_age_65_to_74,Integer,Number of adult patients 65-74 years of age who were admitted to an inpatient bed (regardless of whether the bed is designated as pediatric or adult) on the previous calendar day who had laboratory-confirmed RSV at the time of admission.,,,,,,,,,,,,,,,,,,,,,,,,,,,,,,,,,,,,,,,,,,,,
RSV Stats,rsv_adm_age_75_plus,Integer,Number of adult patients 75+ years of age who were admitted to an inpatient bed (regardless of whether the bed is designated as pediatric or adult) on the previous calendar day who had laboratory-confirmed RSV at the time of admission.,,,,,,,,,,,,,,,,,,,,,,,,,,,,,,,,,,,,,,,,,,,,
RSV Stats,rsv_adm_age_unknown,Integer,Number of patients unknown age who were admitted to an inpatient bed (regardless of whether the bed is designated as pediatric or adult) on the previous calendar day who had laboratory-confirmed RSV at the time of admission.,,,,,,,,,,,,,,,,,,,,,,,,,,,,,,,,,,,,,,,,,,,,
